Criterio,Peso,AWS,Azure,GCP,IBM,S_AWS,S_Azure,S_GCP,S_IBM
Integracion Python/sklearn,0.2,9,9,10,7,1.8,1.8,2.0,1.4000000000000001
Facilidad de uso,0.15,7,8,8,6,1.05,1.2,1.2,0.8999999999999999
Escalabilidad,0.1,10,9,9,7,1.0,0.9,0.9,0.7000000000000001
Costo proyecto pequeno-mediano,0.2,6,7,9,5,1.2000000000000002,1.4000000000000001,1.8,1.0
MLOps y monitoreo,0.1,9,9,9,7,0.9,0.9,0.9,0.7000000000000001
Latencia prediccion,0.1,9,8,9,7,0.9,0.8,0.9,0.7000000000000001
Soporte academico/creditos,0.05,7,9,9,4,0.35000000000000003,0.45,0.45,0.2
Seguridad y cumplimiento,0.05,9,9,8,9,0.45,0.45,0.4,0.45
Comunidad y ecosistema,0.05,10,8,8,5,0.5,0.4,0.4,0.25
